true_alpha,common_name,scientific_name,t_and_e,comments
WEGR,Western Grebe,Aechmophorus occidentalis,,
CLGR,Clark's Grebe,Aechmophorus clarkii,,
WCGR,Western/Clark's Grebe,,,Unspecified Aechmophorus occidentalis or A. clarkii. | Aechmophorus occidentalis ou A. clarkii non spécifié
RNGR,Red-necked Grebe,Podiceps grisegena,,
HOGR,Horned Grebe,Podiceps auritus,Y,Magdalen Islands population is endangered. | La population des Îles de la Madeleine est en voie de disparition.
EAGR,Eared Grebe,Podiceps nigricollis,,
LEGR,Least Grebe,Tachybaptus dominicus,,
PBGR,Pied-billed Grebe,Podilymbus podiceps,,
COLO,Common Loon,Gavia immer,,
YBLO,Yellow-billed Loon,Gavia adamsii,,
ARLO,Arctic Loon,Gavia arctica,,
PALO,Pacific Loon,Gavia pacifica,,
RTLO,Red-throated Loon,Gavia stellata,,
TUPU,Tufted Puffin,Fratercula cirrhata,,
ATPU,Atlantic Puffin,Fratercula arctica,,
HOPU,Horned Puffin,Fratercula corniculata,,
RHAU,Rhinoceros Auklet,Cerorhinca monocerata,,
CAAU,Cassin's Auklet,Ptychoramphus aleuticus,,
PAAU,Parakeet Auklet,Aethia psittacula,,
CRAU,Crested Auklet,Aethia cristatella,,
WHAU,Whiskered Auklet,Aethia pygmaea,,
LEAU,Least Auklet,Aethia pusilla,,
ANMU,Ancient Murrelet,Synthliboramphus antiquus,,
MAMU,Marbled Murrelet,Brachyramphus marmoratus,Y,
LBMU,Long-billed Murrelet,Brachyramphus perdix,,
AMMU,Alaska Marbled Murrelet,Brachyramphus marmoratus,,Alaskan populations of Marbled Murrelet (not endangered). | Les populations de Guillemot marbré de l'Alaska (non menacées).
KIMU,Kittlitz's Murrelet,Brachyramphus brevirostris,,
XAMU,Xantus's Murrelet,,,Unspecified Synthliboramphus scrippsi / S. hypoleucus. | Synthliboramphus scrippsi / S. hypoleucus non spécifié
SCMU,Scripps's Murrelet,Synthliboramphus scrippsi,,Split from XAMU (0250) in August 2012. | Séparé de XAMU (0250) en août 2012.
GUMU,Guadalupe Murrelet,Synthliboramphus hypoleucus,,Split from XAMU (0250) in August 2012. | Séparé de XAMU (0250) en août 2012.
CRMU,Craveri's Murrelet,Synthliboramphus craveri,,
BLGU,Black Guillemot,Cepphus grylle,,
PIGU,Pigeon Guillemot,Cepphus columba,,
COMU,Common Murre,Uria aalge,,
TBMU,Thick-billed Murre,Uria lomvia,,
RAZO,Razorbill,Alca torda,,
DOVE,Dovekie,Alle alle,,
GRSK,Great Skua,Stercorarius skua,,
SPSK,South Polar Skua,Stercorarius maccormicki,,
POJA,Pomarine Jaeger,Stercorarius pomarinus,,
PAJA,Parasitic Jaeger,Stercorarius parasiticus,,
LTJA,Long-tailed Jaeger,Stercorarius longicaudus,,
IVGU,Ivory Gull,Pagophila eburnea,Newfoundland and LabradorNorthwest TerritoriesNunavut,
MAGU,Magellan Gull,Leucophaeus scoresbii,,
BLKI,Black-legged Kittiwake,Rissa tridactyla,,
RLKI,Red-legged Kittiwake,Rissa brevirostris,,
GLGU,Glaucous Gull,Larus hyperboreus,,"Size 6 for northern subspecies, barrovanius. | Taille 6 pour la sous-espèce nordique, barrovanius."
ICGU,Iceland Gull,Larus glaucoides,,
THGU,Thayer's Gull,Larus glaucoides thayeri,,
GWGU,Glaucous-winged Gull,Larus glaucescens,,
HYGU,Hybrid Gull,,,
GBBG,Great Black-backed Gull,Larus marinus,,
SBGU,Slaty-backed Gull,Larus schistisagus,,
WEGU,Western Gull,Larus occidentalis,,
YFGU,Yellow-footed Gull,Larus livens,,
LBBG,Lesser Black-backed Gull,Larus fuscus,,
HERG,Herring Gull,Larus argentatus,,
CAGU,California Gull,Larus californicus,,
UNGU,Unidentified Gull,,,Explain in Remarks why the unidentified code was chosen. | Expliquez dans les Remarques pourquoi le code non identifié a été choisi.
RBGU,Ring-billed Gull,Larus delawarensis,,
BTGU,Band-tailed Gull,Larus belcheri,,
MEGU,Mew Gull,Larus canus,,
BHGU,Black-headed Gull,Chroicocephalus ridibundus,,
HEEG,Heermann's Gull,Larus heermanni,,
LAGU,Laughing Gull,Leucophaeus atricilla,,
FRGU,Franklin's Gull,Leucophaeus pipixcan,,
BOGU,Bonaparte's Gull,Chroicocephalus philadelphia,,
LIGU,Little Gull,Hydrocoloeus minutus,,
ROGU,Ross's Gull,Rhodostethia rosea,ManitobaNunavut,
SAGU,Sabine's Gull,Xema sabini,,
GBTE,Gull-billed Tern,Gelochelidon nilotica,,
CATE,Caspian Tern,Hydroprogne caspia,,
ROYT,Royal Tern,Thalasseus maximus,,
CRTE,Crested Tern,Thalasseus bergii,,
ELTE,Elegant Tern,Thalasseus elegans,,
SATE,Sandwich Tern,Thalasseus sandvicensis,,
CAYT,Cayenne Tern,Thalasseus acuflavidus eurygnathus,,
FOTE,Forster's Tern,Sterna forsteri,,
COTE,Common Tern,Sterna hirundo,,Hard metal bands recommended. | Bagues en métal dur recommandés.
HYTE,Hybrid Tern,,,"Report suspected parentage as a remark (e.g. Species1 x Species2). | Signalez les liens de parenté suspects dans le champs remarque (p. ex., Espèce1 x Espèce2)."
ARTE,Arctic Tern,Sterna paradisaea,,
ROST,Roseate Tern,Sterna dougallii,Y,Hard metal bands recommended. | Bagues en métal dur recommandés.
HCRT,Common Tern X Roseate Tern Hybrid,,,Sterna hirundo X S. dougallii. | Sterna hirundo X S. dougallii
ALTE,Aleutian Tern,Onychoprion aleuticus,,
BNTE,Black-naped Tern,Sterna sumatrana,,
LETE,Least Tern,Sternula antillarum,,
LITE,Little Tern,Sternula albifrons,,
ILTE,Interior Least Tern,Sternula antillarum athalassos,Y,
CLTE,California Least Tern,Sternula antillarum browni,Y,
SOTE,Sooty Tern,Onychoprion fuscatus,,
BRTE,Bridled Tern,Onychoprion anaethetus,,
GRAT,Gray-backed Tern,Onychoprion lunatus,,
BLTE,Black Tern,Chlidonias niger,,
WWTE,White-winged Tern,Chlidonias leucopterus,,
WHIT,Whiskered Tern,Chlidonias hybrida,,
BRNO,Brown Noddy,Anous stolidus,,
BLNO,Black Noddy,Anous minutus,,
BGNO,Blue-gray Noddy,Anous ceruleus,,
WHTE,White Tern,Gygis alba,,
BLSK,Black Skimmer,Rynchops niger,,
BFAL,Black-footed Albatross,Phoebastria nigripes,,
WAAL,Wandering Albatross,Diomedea exulans,,
HYAL,Hybrid Albatross,,,"Report suspected parentage as a remark (e.g. Species1 x Species2). | Signalez les liens de parenté suspects dans le champs remarque (p. ex., Espèce1 x Espèce2)."
STAL,Short-tailed Albatross,Phoebastria albatrus,Y,
LAAL,Laysan Albatross,Phoebastria immutabilis,,
BBAL,Black-browed Albatross,Thalassarche melanophris,,
SHAL,Shy Albatross,Thalassarche cauta,,
WAVA,Waved Albatross,Phoebastria irrorata,,
YNAL,Yellow-nosed Albatross,Thalassarche chlororhynchos,,
NOFU,Northern Fulmar,Fulmarus glacialis,,
COSH,Cory's Shearwater,Calonectris diomedea,,
STRS,Streaked Shearwater,Calonectris leucomelas,,
GRSH,Great Shearwater,Ardenna gravis,,
MASH,Manx Shearwater,Puffinus puffinus,,
PFSH,Pink-footed Shearwater,Puffinus creatopus,British Columbia,
AUSH,Audubon's Shearwater,Puffinus lherminieri,,
LISH,Little Shearwater,Puffinus assimilis,,
TRSH,Tropical Shearwater,Puffinus bailloni,,
BVSH,Black-vented Shearwater,Puffinus opisthomelas,,
TOSH,Townsend's Shearwater,Puffinus auricularis,,
NESH,Newell's Shearwater,Puffinus newelli,Y,
SOSH,Sooty Shearwater,Ardenna grisea,,
FFSH,Flesh-footed Shearwater,Ardenna carneipes,,
SHOS,Short-tailed Shearwater,Ardenna tenuirostris,,
WTSH,Wedge-tailed Shearwater,Ardenna pacifica,,
BULS,Buller's Shearwater,Ardenna bulleri,,
CHSH,Christmas Shearwater,Puffinus nativitatis,,
BCPE,Black-capped Petrel,Pterodroma hasitata,,
COPE,Cook's Petrel,Pterodroma cookii,,
HAPE,Hawaiian Petrel,Pterodroma sandwichensis,Y,
TRPE,Trindade Petrel,Pterodroma arminjoniana,,
JFPE,Juan Fernandez Petrel,Pterodroma externa,,
PHPE,Phoenix Petrel,Pterodroma alba,,
MOPE,Mottled Petrel,Pterodroma inexpectata,,
BOPE,Bonin Petrel,Pterodroma hypoleuca,,
BWPE,Black-winged Petrel,Pterodroma nigripennis,,
MUPE,Murphy's Petrel,Pterodroma ultima,,
STPE,Stejneger's Petrel,Pterodroma longirostris,,
TAPE,Tahiti Petrel,Pseudobulweria rostrata,,
BUPE,Bulwer's Petrel,Bulweria bulwerii,,
CAPE,Cape Petrel,Daption capense,,
LTSP,Least Storm-Petrel,Hydrobates microsoma,,
FTSP,Fork-tailed Storm-Petrel,Hydrobates furcatus,,
LHSP,Leach's Storm-Petrel,Hydrobates leucorhous,,
BANP,Band-rumped Storm-Petrel,Hydrobates castro,,
WRSP,Wedge-rumped Storm-Petrel,Hydrobates tethys,,
BLSP,Black Storm-Petrel,Hydrobates melania,,
TRSP,Tristram's Storm-Petrel,Hydrobates tristrami,,
ASSP,Ashy Storm-Petrel,Hydrobates homochroa,,
WISP,Wilson's Storm-Petrel,Oceanites oceanicus,,
WHSP,White-throated Storm-Petrel,Nesofregetta fuliginosa,,
WFSP,White-faced Storm-Petrel,Pelagodroma marina,,
WTTR,White-tailed Tropicbird,Phaethon lepturus,,
RBTR,Red-billed Tropicbird,Phaethon aethereus,,
RTTR,Red-tailed Tropicbird,Phaethon rubricauda,,
MABO,Masked Booby,Sula dactylatra,,
BFBO,Blue-footed Booby,Sula nebouxii,,
NABO,Nazca Booby,Sula granti,,Band size unknown; may be same as Masked Booby. | La taille de la bague est inconnue; elle peut être identique à celle du Fou masqué.
BRBO,Brown Booby,Sula leucogaster,,
RFBO,Red-footed Booby,Sula sula,,
NOGA,Northern Gannet,Morus bassanus,,
ANHI,Anhinga,Anhinga anhinga,,
GRCO,Great Cormorant,Phalacrocorax carbo,,
DCCO,Double-crested Cormorant,Phalacrocorax auritus,,
GUCO,Guanay Cormorant,Leucocarbo bougainvillii,,
NECO,Neotropic Cormorant,Phalacrocorax brasilianus,,
BRAC,Brandt's Cormorant,Phalacrocorax penicillatus,,
PECO,Pelagic Cormorant,Phalacrocorax pelagicus,,
RFCO,Red-faced Cormorant,Phalacrocorax urile,,
AWPE,American White Pelican,Pelecanus erythrorhynchos,,
BRPE,Brown Pelican,Pelecanus occidentalis,,
MAFR,Magnificent Frigatebird,Fregata magnificens,,Require 7B or 7A short. | Nécessite 7B ou 7A courte.
GRFR,Great Frigatebird,Fregata minor,,Require 7B or 7A short. | Nécessite 7B ou 7A courte.
LEFR,Lesser Frigatebird,Fregata ariel,,Require 7A short. | Nécessite 7A courte.
COME,Common Merganser,Mergus merganser,,
RBME,Red-breasted Merganser,Mergus serrator,,
HOME,Hooded Merganser,Lophodytes cucullatus,,
MALL,Mallard,Anas platyrhynchos,,
HAWD,Hawaiian Duck,Anas wyvilliana,Y,
LADU,Laysan Duck,Anas laysanensis,Y,
MHDH,Mallard X Hawaiian Duck Hybrid,,,Anas platyrhynchos X A. wyvilliana | Anas platyrhynchos X A. wyvilliana
MBDX,Mallard X American Black Duck Intermediate,,,Anas platyrhynchos X A. rubripes | Anas platyrhynchos X A. rubripes
MBDH,Mallard X American Black Duck Hybrid,,,Anas platyrhynchos X A. rubripes | Anas platyrhynchos X A. rubripes
MALX,Mallard Dominant X American Black Duck Hybrid,,,Anas platyrhynchos X A. rubripes | Anas platyrhynchos X A. rubripes
ABDU,American Black Duck,Anas rubripes,,
MEDU,Mexican Duck,Anas diazi,,
PBDU,Pacific Black Duck,Anas superciliosa,,
ABDX,American Black Duck Dominant X Mallard Hybrid,,,Anas rubripes X A. platyrhynchos | Anas rubripes X A. platyrhynchos
MODU,Mottled Duck,Anas fulvigula,,
GADW,Gadwall,Mareca strepera,,
EUWI,Eurasian Wigeon,Mareca penelope,,
AMWI,American Wigeon,Mareca americana,,
FATE,Falcated Teal,Mareca falcata,,
EGWT,European Green-winged Teal,Anas crecca crecca,,
AGWT,Green-winged Teal,Anas crecca,,
BATE,Baikal Teal,Sibirionetta formosa,,
GARG,Garganey,Spatula querquedula,,
BWTE,Blue-winged Teal,Spatula discors,,
UNTE,Unidentified Teal,,,Explain in Remarks why the unidentified code was chosen. | Expliquez dans les Remarques pourquoi le code non identifié a été choisi.
CITE,Cinnamon Teal,Spatula cyanoptera,,
NSHO,Northern Shoveler,Spatula clypeata,,
NOPI,Northern Pintail,Anas acuta,,
WHIP,White-cheeked Pintail,Anas bahamensis,,
OHDU,Other Hybrid Duck,,,"Bander must determine appropriate size for each bird. Report suspected parentage as a remark (e.g. Species1 x Species2). | Le bagueur doit déterminer la taille appropriée pour chaque oiseau. Signalez les filiations suspectes en guise de remarque (p. ex., Espèce1 x Espèce2)."
WODU,Wood Duck,Aix sponsa,,
MUDU,Muscovy Duck,Cairina moschata,,
REDH,Redhead,Aythya americana,,
CPOC,Common Pochard,Aythya ferina,,
CANV,Canvasback,Aythya valisineria,,
GRSC,Greater Scaup,Aythya marila,,
LESC,Lesser Scaup,Aythya affinis,,
TUDU,Tufted Duck,Aythya fuligula,,
RNDU,Ring-necked Duck,Aythya collaris,,
COGO,Common Goldeneye,Bucephala clangula,,
BAGO,Barrow's Goldeneye,Bucephala islandica,,
BUFF,Bufflehead,Bucephala albeola,,
LTDU,Long-tailed Duck,Clangula hyemalis,,
HARD,Harlequin Duck,Histrionicus histrionicus,,
STEI,Steller's Eider,Polysticta stelleri,Y,
SPEI,Spectacled Eider,Somateria fischeri,Y,
COEI,Common Eider,Somateria mollissima,,
KIEI,King Eider,Somateria spectabilis,,
BLSC,Black Scoter,Melanitta americana,,
WWSC,White-winged Scoter,Melanitta deglandi,,
SUSC,Surf Scoter,Melanitta perspicillata,,
RUDU,Ruddy Duck,Oxyura jamaicensis,,
MADU,Masked Duck,Nomonyx dominicus,,
LSGO,Lesser Snow Goose,Anser caerulescens caerulescens,,
BLGO,Blue Goose,Anser caerulescens,,
SBGI,Snow X Blue Goose Intergrade,,,
BGSG,Blue Greater Snow Goose,,,
GSGO,Greater Snow Goose,Anser caerulescens atlantica,,
ROGO,Ross's Goose,Anser rossii,,
SRGH,Snow X Ross's Goose Hybrid,,,
GWFG,Greater White-fronted Goose,Anser albifrons,,
TABG,Taiga Bean-Goose,Anser fabalis,,
PFGO,Pink-footed Goose,Anser brachyrhynchus,,
LWFG,Lesser White-fronted Goose,Anser erythropus,,
OHGO,Other Hybrid Goose,,,"Report suspected parentage as a remark (e.g. Species1 x Species2). | Signalez les liens de parenté suspects dans le champs remarque (p. ex., Espèce1 x Espèce2)."
TWFG,Tule White-fronted Goose,Anser albifrons elgasi,,
CAGO,Canada Goose,Branta canadensis,,
ACGO,Aleutian Canada Goose,Branta hutchinsii leucopareia,,
CACG,Cackling Goose,Branta hutchinsii,,
LCGO,Large Canada Goose,Branta canadensis maxima,,
SCGO,Small Canada Goose,Branta canadensis parvipes,,
ATBR,Atlantic Brant,Branta bernicla hrota,,
BABI,Black X Atlantic Brant Intergrade,,,
BLBR,Black Brant,Branta bernicla nigricans,,
BRNG,Barnacle Goose,Branta leucopsis,,
HAGO,Hawaiian Goose,Branta sandvicensis,Y,
EMGO,Emperor Goose,Anser canagicus,,
BBWD,Black-bellied Whistling-Duck,Dendrocygna autumnalis,,
WIWD,West Indian Whistling-Duck,Dendrocygna arborea,,
FUWD,Fulvous Whistling-Duck,Dendrocygna bicolor,,
MUSW,Mute Swan,Cygnus olor,,
WHOS,Whooper Swan,Cygnus cygnus,,
WHSW,Whistling Swan,Cygnus columbianus columbianus,,
BESW,Bewick's Swan,Cygnus columbianus bewickii,,
TRUS,Trumpeter Swan,Cygnus buccinator,,
AMFL,American Flamingo,Phoenicopterus ruber,,
ROSP,Roseate Spoonbill,Platalea ajaja,,
WHIB,White Ibis,Eudocimus albus,,
SCIB,Scarlet Ibis,Eudocimus ruber,,
GLIB,Glossy Ibis,Plegadis falcinellus,,
WFIB,White-faced Ibis,Plegadis chihi,,
WOST,Wood Stork,Mycteria americana,Y,
AMBI,American Bittern,Botaurus lentiginosus,,
LEBI,Least Bittern,Ixobrychus exilis,ManitobaNew BrunswickNova ScotiaOntarioQuébec,
YEBI,Yellow Bittern,Ixobrychus sinensis,,
GWHE,Great White Heron,Ardea herodias occidentalis,,
GBHE,Great Blue Heron,Ardea herodias,,
GREG,Great Egret,Ardea alba,,
PRHE,Pacific Reef Heron,Egretta sacra,,
SNEG,Snowy Egret,Egretta thula,,
REEG,Reddish Egret,Egretta rufescens,,
TRHE,Tricolored Heron,Egretta tricolor,,
LBHE,Little Blue Heron,Egretta caerulea,,
CAEG,Cattle Egret,Bubulcus ibis,,
GRHE,Green Heron,Butorides virescens,,
BCNH,Black-crowned Night-Heron,Nycticorax nycticorax,,
YCNH,Yellow-crowned Night-Heron,Nyctanassa violacea,,
WHCR,Whooping Crane,Grus americana,Y,
SACR,Sandhill Crane,Antigone canadensis,,
MSCR,Mississippi Sandhill Crane,Antigone canadensis pulla,Y,
LIMP,Limpkin,Aramus guarauna,,
KIRA,King Rail,Rallus elegans,Ontario,
CLRA,Clapper Rail,Rallus longirostris,,
CRRA,California Ridgway's Rail,Rallus obsoletus obsoletus,Y,
LFRR,Light-footed Ridgway's Rail,Rallus obsoletus levipes,Y,
YRRA,Yuma Ridgway's Rail,Rallus obsoletus yumanensis,Y,
VIRA,Virginia Rail,Rallus limicola,,Band above the intertarsal joint only. | Bague uniquement au-dessus de l'articulation intertarsienne.
YBCR,Yellow-breasted Crake,Hapalocrex flaviventer,,
SORA,Sora,Porzana carolina,,Band above the intertarsal joint only (size 2). | Bague uniquement au-dessus de l'articulation intertarsienne (taille 2).
YERA,Yellow Rail,Coturnicops noveboracensis,,
BLRA,Black Rail,Laterallus jamaicensis,,
BBRA,Buff-banded Rail,Gallirallus philippensis,,
GURA,Guam Rail,Gallirallus owstoni,Y,
EBRA,Eastern Black Rail,Laterallus jamaicensis jamaicensis,Y,see: https://www.fws.gov/southeast/pdf/guidelines/banding-conditions-for-eastern-black-rail.pdf | voir: https://www.fws.gov/southeast/pdf/guidelines/banding-conditions-for-eastern-black-rail.pdf
CBRA,California Black Rail,Laterallus jamaicensis coturniculus,,
PUGA,Purple Gallinule,Porphyrio martinicus,,
PUSW,Purple Swamphen,Porphyrio porphyrio,,
COGA,Common Gallinule,Gallinula galeata,,
HAGA,Hawaiian Gallinule,Gallinula galeata sandvicensis,Y,
MCMO,Mariana Common Moorhen,Gallinula chloropus guami,Y,
HACO,Hawaiian Coot,Fulica alai,Y,
AMCO,American Coot,Fulica americana,,
CARC,Caribbean Coot,Fulica caribaea,,
REPH,Red Phalarope,Phalaropus fulicarius,,
RNPH,Red-necked Phalarope,Phalaropus lobatus,,
WIPH,Wilson's Phalarope,Phalaropus tricolor,,
AMAV,American Avocet,Recurvirostra americana,,Band above the intertarsal joint only. | Bague uniquement au-dessus de l'articulation intertarsienne.
BNST,Black-necked Stilt,Himantopus mexicanus,,Band above the intertarsal joint only. | Bague uniquement au-dessus de l'articulation intertarsienne.
HAST,Hawaiian Stilt,Himantopus mexicanus knudseni,Y,Band above the intertarsal joint only. | Bague uniquement au-dessus de l'articulation intertarsienne.
BWST,Black-winged Stilt,Himantopus himantopus,,
EUWO,Eurasian Woodcock,Scolopax rusticola,,
AMWO,American Woodcock,Scolopax minor,,
COSN,Common Snipe,Gallinago gallinago,,"This is the Eurasian species, not Wilson's Snipe. | Il s'agit de l'espèce eurasienne, et non de la Bécassine de Wilson."
WISN,Wilson's Snipe,Gallinago delicata,,
PTSN,Pin-tailed Snipe,Gallinago stenura,,
SWSN,Swinhoe's Snipe,Gallinago megala,,
SBDO,Short-billed Dowitcher,Limnodromus griseus,,
LBDO,Long-billed Dowitcher,Limnodromus scolopaceus,,
STSA,Stilt Sandpiper,Calidris himantopus,,
REKN,Red Knot,Calidris canutus,British ColumbiaYukon TerritoryNorthwest Territories,
RRKN,Rufa Red Knot,Calidris canutus rufa,Y,
PUSA,Purple Sandpiper,Calidris maritima,,
ROSA,Rock Sandpiper,Calidris ptilocnemis,,
SHAS,Sharp-tailed Sandpiper,Calidris acuminata,,
PESA,Pectoral Sandpiper,Calidris melanotos,,
WRSA,White-rumped Sandpiper,Calidris fuscicollis,,
BASA,Baird's Sandpiper,Calidris bairdii,,
LIST,Little Stint,Calidris minuta,,
LESA,Least Sandpiper,Calidris minutilla,,
RNST,Red-necked Stint,Calidris ruficollis,,
LTST,Long-toed Stint,Calidris subminuta,,
DUNL,Dunlin,Calidris alpina,,
CUSA,Curlew Sandpiper,Calidris ferruginea,,
SPOS,Spoon-billed Sandpiper,Calidris pygmea,,
SESA,Semipalmated Sandpiper,Calidris pusilla,,
WESA,Western Sandpiper,Calidris mauri,,
SAND,Sanderling,Calidris alba,,
MAGO,Marbled Godwit,Limosa fedoa,,
BARG,Bar-tailed Godwit,Limosa lapponica,,
HUGO,Hudsonian Godwit,Limosa haemastica,,
BLAG,Black-tailed Godwit,Limosa limosa,,
CGRE,Common Greenshank,Tringa nebularia,,
GRYE,Greater Yellowlegs,Tringa melanoleuca,,
LEYE,Lesser Yellowlegs,Tringa flavipes,,
SOSA,Solitary Sandpiper,Tringa solitaria,,
WOSA,Wood Sandpiper,Tringa glareola,,
MASA,Marsh Sandpiper,Tringa stagnatilis,,
WILL,Willet,Tringa semipalmata,,
WATA,Wandering Tattler,Tringa incana,,
GTTA,Gray-tailed Tattler,Tringa brevipes,,
RUFF,Ruff,Calidris pugnax,,
UPSA,Upland Sandpiper,Bartramia longicauda,,
BBSA,Buff-breasted Sandpiper,Calidris subruficollis,,
SPSA,Spotted Sandpiper,Actitis macularius,,
COSA,Common Sandpiper,Actitis hypoleucos,,
LBCU,Long-billed Curlew,Numenius americanus,,Use size 6 if banding on tibiotarsus | Utilisez taille 6 si bague est placée sur le tibiotarse.
WHIM,Whimbrel,Numenius phaeopus,,
BTCU,Bristle-thighed Curlew,Numenius tahitiensis,,
NOLA,Northern Lapwing,Vanellus vanellus,,
EUDO,Eurasian Dotterel,Charadrius morinellus,,
BBPL,Black-bellied Plover,Pluvialis squatarola,,
EUGP,European Golden-Plover,Pluvialis apricaria,,
AMGP,American Golden-Plover,Pluvialis dominica,,AOU split from 2729-LEGP in 1993. | AOU l’a séparé de 2729-LEGP en 1993.
PAGP,Pacific Golden-Plover,Pluvialis fulva,,AOU split from 2729-LEGP in 1993. | AOU l’a séparé de 2729-LEGP en 1993.
LEGP,Lesser Golden-Plover,,,"Includes Pluvialis dominica and P. fulva, prior to split in 1993. | Comprend Pluvialis dominica et P. fulva, avant leur séparation en 1993."
KILL,Killdeer,Charadrius vociferus,,
SEPL,Semipalmated Plover,Charadrius semipalmatus,,
CRPL,Common Ringed Plover,Charadrius hiaticula,,
PIPL,Piping Plover,Charadrius melodus,Y,
SNPL,Snowy Plover,Charadrius nivosus,,
WSPL,Western Snowy Plover,Charadrius nivosus nivosus,Y,"Endangered western populations (coastal CA, OR, WA). | Populations à l'ouest menacées (CA, OR, WA)."
LRSP,Lesser Sand-Plover,Charadrius mongolus,,
WIPL,Wilson's Plover,Charadrius wilsonia,,
MOPL,Mountain Plover,Charadrius montanus,AlbertaSaskatchewan,
SURF,Surfbird,Calidris virgata,,
RUTU,Ruddy Turnstone,Arenaria interpres,,
BLTU,Black Turnstone,Arenaria melanocephala,,
AMOY,American Oystercatcher,Haematopus palliatus,,
BLOY,Black Oystercatcher,Haematopus bachmani,,
NOJA,Northern Jacana,Jacana spinosa,,
BTPI,Band-tailed Pigeon,Patagioenas fasciata,,
PLPI,Plain Pigeon,Patagioenas inornata,Y,
PRPP,Puerto Rican Plain Pigeon,Patagioenas inornata wetmorei,Y,Endangered subspecies in Puerto Rico. | Sous-espèce menacée à Porto Rico.
RBPI,Red-billed Pigeon,Patagioenas flavirostris,,
WCPI,White-crowned Pigeon,Patagioenas leucocephala,,Require 4 or 4A short. | Nécessite 4 ou 4A courte.
SNPI,Scaly-naped Pigeon,Patagioenas squamosa,,
SPDO,Spotted Dove,Streptopelia chinensis,,Require 4 short. | Nécessite 4 courte.
AFCD,African Collared-Dove,Streptopelia roseogrisea,,
ZEBD,Zebra Dove,Geopelia striata,,
WTGD,White-throated Ground-Dove,Alopecoenas xanthonurus,,
MAFD,Mariana Fruit Dove,Ptilinopus roseicapilla,,
PHTD,Philippine Turtle-Dove,Streptopelia bitorquata,,
ECDO,Eurasian Collared-Dove,Streptopelia decaocto,,Require 4 or 4A short. | Nécessite 4 ou 4A courte.
MODO,Mourning Dove,Zenaida macroura,,
EADO,Eared Dove,Zenaida auriculata,,
ZEND,Zenaida Dove,Zenaida aurita,,
WTDO,White-tipped Dove,Leptotila verreauxi,,
CADO,Caribbean Dove,Leptotila jamaicensis,,
WWDO,White-winged Dove,Zenaida asiatica,,
COGD,Common Ground-Dove,Columbina passerina,,
RUGD,Ruddy Ground-Dove,Columbina talpacoti,,
INDO,Inca Dove,Columbina inca,,
KWQD,Key West Quail-Dove,Geotrygon chrysia,,
RUQD,Ruddy Quail-Dove,Geotrygon montana,,
BRQD,Bridled Quail-Dove,Geotrygon mystacea,,
CALC,California Condor,Gymnogyps californianus,Y,"Cannot band with metal bands--request “air” bands for reporting wing-tagged birds. | Interdit de baguer avec des bagues métalliques - demander des bagues ""numéros seulement"" pour signaler les oiseaux avec des étiquettes alaires."
TUVU,Turkey Vulture,Cathartes aura,,"Cannot band with metal bands--request “air” bands for reporting wing-tagged birds. | Interdit de baguer avec des bagues métalliques - demander des bagues ""numéros seulement"" pour signaler les oiseaux avec des étiquettes alaires."
BLVU,Black Vulture,Coragyps atratus,,"Cannot band with metal bands--request “air” bands for reporting wing-tagged birds. | Interdit de baguer avec des bagues métalliques - demander des bagues ""numéros seulement"" pour signaler les oiseaux avec des étiquettes alaires."
STKI,Swallow-tailed Kite,Elanoides forficatus,,Lock-on bands recommended. | Bagues enclenchantes recommandées.
HBKI,Hook-billed Kite,Chondrohierax uncinatus,,Lock-on bands recommended. | Bagues enclenchantes recommandées.
WTKI,White-tailed Kite,Elanus leucurus,,Lock-on bands recommended. | Bagues enclenchantes recommandées.
MIKI,Mississippi Kite,Ictinia mississippiensis,,Lock-on bands recommended. | Bagues enclenchantes recommandées.
SNKI,Snail Kite,Rostrhamus sociabilis,Y,Lock-on bands recommended. | Bagues enclenchantes recommandées.
NOHA,Northern Harrier,Circus hudsonius,,Lock-on bands recommended. | Bagues enclenchantes recommandées.
SSHA,Sharp-shinned Hawk,Accipiter striatus,,
PSSH,Puerto Rican Sharp-shinned Hawk,Accipiter striatus venator,Y,
COHA,Cooper's Hawk,Accipiter cooperii,,Lock-on bands recommended. | Bagues enclenchantes recommandées.
NOGO,Northern Goshawk,Accipiter gentilis,British Columbia,Lock-on bands recommended. | Bagues enclenchantes recommandées.
HRSH,Harris's Hawk,Parabuteo unicinctus,,Lock-on bands recommended. | Bagues enclenchantes recommandées.
RTHA,Red-tailed Hawk,Buteo jamaicensis,,Lock-on bands recommended. | Bagues enclenchantes recommandées.
HRLH,Harlan's Hawk,Buteo jamaicensis harlani,,Lock-on bands recommended. | Bagues enclenchantes recommandées.
RSHA,Red-shouldered Hawk,Buteo lineatus,,Lock-on bands recommended. | Bagues enclenchantes recommandées.
ZTHA,Zone-tailed Hawk,Buteo albonotatus,,Lock-on bands recommended. | Bagues enclenchantes recommandées.
WTHA,White-tailed Hawk,Geranoaetus albicaudatus,,Lock-on bands recommended. | Bagues enclenchantes recommandées.
SWHA,Swainson's Hawk,Buteo swainsoni,,Lock-on bands recommended. | Bagues enclenchantes recommandées.
BWHA,Broad-winged Hawk,Buteo platypterus,,Lock-on bands recommended. | Bagues enclenchantes recommandées.
ROHA,Roadside Hawk,Rupornis magnirostris,,Lock-on bands recommended. | Bagues enclenchantes recommandées.
PBWH,Puerto Rican Broad-winged Hawk,Buteo platypterus brunnescens,Y,Lock-on bands recommended. | Bagues enclenchantes recommandées.
STHA,Short-tailed Hawk,Buteo brachyurus,,Lock-on bands recommended. | Bagues enclenchantes recommandées.
HWHA,Hawaiian Hawk,Buteo solitarius,Y,Lock-on bands recommended. | Bagues enclenchantes recommandées.
CBHA,Common Black Hawk,Buteogallus anthracinus,,Lock-on bands recommended. | Bagues enclenchantes recommandées.
GRHA,Gray Hawk,Buteo plagiatus,,Lock-on bands recommended. | Bagues enclenchantes recommandées.
RLHA,Rough-legged Hawk,Buteo lagopus,,Lock-on bands recommended. | Bagues enclenchantes recommandées.
FEHA,Ferruginous Hawk,Buteo regalis,AlbertaManitobaSaskatchewan,Lock-on bands recommended. | Bagues enclenchantes recommandées.
GOEA,Golden Eagle,Aquila chrysaetos,,Rivet bands only. | Bagues à rivet seulement.
BAEA,Bald Eagle,Haliaeetus leucocephalus,,Rivet bands only. | Bagues à rivet seulement.
GYRF,Gyrfalcon,Falco rusticolus,,Lock-on bands recommended. | Bagues enclenchantes recommandées.
PRFA,Prairie Falcon,Falco mexicanus,,Lock-on bands recommended. | Bagues enclenchantes recommandées.
PEFA,Peregrine Falcon,Falco peregrinus,,Lock-on bands recommended. | Bagues enclenchantes recommandées.
MERL,Merlin,Falco columbarius,,Lock-on bands recommended. | Bagues enclenchantes recommandées.
APFA,Aplomado Falcon,Falco femoralis,Y,Lock-on bands recommended. | Bagues enclenchantes recommandées.
EUKE,Eurasian Kestrel,Falco tinnunculus,,
AMKE,American Kestrel,Falco sparverius,,
CRCA,Crested Caracara,Caracara cheriway,,Lock-on bands recommended. | Bagues enclenchantes recommandées.
ACCA,Audubon's Crested Caracara,Polyborus plancus audubonii,Y,Endangered population in Florida. Lock-on bands recommended. | Population menacée en Floride. Bagues enclenchantes recommandées.
OSPR,Osprey,Pandion haliaetus,,Lock-on bands recommended. | Bagues enclenchantes recommandées.
BNOW,Barn Owl,Tyto alba,OntarioQuébec,Lock-on bands recommended. | Bagues enclenchantes recommandées.
AFOW,Ashy-faced Owl,Tyto glaucops,,Lock-on bands recommended. | Bagues enclenchantes recommandées.
LEOW,Long-eared Owl,Asio otus,,Lock-on bands recommended. | Bagues enclenchantes recommandées.
SEOW,Short-eared Owl,Asio flammeus,,Lock-on bands recommended. | Bagues enclenchantes recommandées.
BDOW,Barred Owl,Strix varia,,Lock-on bands recommended. | Bagues enclenchantes recommandées.
SBOH,Spotted X Barred Owl Hybrid,,,Lock-on bands recommended. Strix occidentalis X S. varia. | Bagues enclenchantes recommandées. Strix occidentalis X S. varia.
SPOW,Spotted Owl,Strix occidentalis,British Columbia,Lock-on bands recommended. | Bagues enclenchantes recommandées.
CSOW,California Spotted Owl,Strix occidentalis occidentalis,,Lock-on bands recommended. | Bagues enclenchantes recommandées.
NSOW,Northern Spotted Owl,Strix occidentalis caurina,Y,Lock-on bands recommended. | Bagues enclenchantes recommandées.
MSOW,Mexican Spotted Owl,Strix occidentalis lucida,Y,Lock-on bands recommended. | Bagues enclenchantes recommandées.
GGOW,Great Gray Owl,Strix nebulosa,,Lock-on bands recommended. | Bagues enclenchantes recommandées.
BOOW,Boreal Owl,Aegolius funereus,,Lock-on bands recommended. | Bagues enclenchantes recommandées.
NSWO,Northern Saw-whet Owl,Aegolius acadicus,British Columbia,Use 4 (or 4A if needed) short. | Utilisez 4 courte (ou 4A si nécessaire).
EASO,Eastern Screech-Owl,Megascops asio,,Lock-on bands recommended. | Bagues enclenchantes recommandées.
WHSO,Whiskered Screech-Owl,Megascops trichopsis,,Lock-on bands recommended. | Bagues enclenchantes recommandées.
WESO,Western Screech-Owl,Megascops kennicottii,British Columbia,Lock-on bands recommended. | Bagues enclenchantes recommandées.
PRSO,Puerto Rican Screech-Owl,Megascops nudipes,,Lock-on bands recommended. | Bagues enclenchantes recommandées.
FLOW,Flammulated Owl,Psiloscops flammeolus,,
GHOW,Great Horned Owl,Bubo virginianus,,Lock-on bands recommended. | Bagues enclenchantes recommandées.
SNOW,Snowy Owl,Bubo scandiacus,,Rivet or Lock-on bands recommended. | Bagues à rivet ou enclenchantes recommandées.
NHOW,Northern Hawk Owl,Surnia ulula,,Require 7A or 7B short. | Nécessite 7A ou 7B courte.
BUOW,Burrowing Owl,Athene cunicularia,AlbertaBritish ColumbiaManitobaSaskatchewan,Lock-on bands recommended. | Bagues enclenchantes recommandées.
NOPO,Northern Pygmy-Owl,Glaucidium gnoma,,
FEPO,Ferruginous Pygmy-Owl,Glaucidium brasilianum,Y,
ELOW,Elf Owl,Micrathene whitneyi,,
BHPA,Black-headed Parakeet,Aratinga nenday,,"No butt-end bands, special parrot bands only. | Pas de bagues à joint abouté, seulement des bagues spéciales pour perroquets."
HPKT,Hispaniolan Parakeet,Psittacara chloropterus,,"No butt-end bands, special parrot bands only. | Pas de bagues à joint abouté, seulement des bagues spéciales pour perroquets."
OFPA,Orange-fronted Parakeet,Eupsittula canicularis,,"No butt-end bands, special parrot bands only. | Pas de bagues à joint abouté, seulement des bagues spéciales pour perroquets."
BTPA,Brown-throated Parakeet,Eupsittula pertinax,,"No butt-end bands, special parrot bands only. | Pas de bagues à joint abouté, seulement des bagues spéciales pour perroquets."
BCLO,Blue-crowned Lorikeet,Vini australis,,"No butt-end bands, special parrot bands only. | Pas de bagues à joint abouté, seulement des bagues spéciales pour perroquets."
TBPA,Thick-billed Parrot,Rhynchopsitta pachyrhyncha,Y,"No butt-end bands, special parrot bands only. | Pas de bagues à joint abouté, seulement des bagues spéciales pour perroquets."
MOPA,Monk Parakeet,Myiopsitta monachus,,"No butt-end bands, special parrot bands only. | Pas de bagues à joint abouté, seulement des bagues spéciales pour perroquets."
CHCO,Cherry-head Conure,Psittacara erythrogenys,,"No butt-end bands, special parrot bands only. | Pas de bagues à joint abouté, seulement des bagues spéciales pour perroquets."
RCPA,Red-crowned Parrot,Amazona viridigenalis,,"No butt-end bands, special parrot bands only. | Pas de bagues à joint abouté, seulement des bagues spéciales pour perroquets."
HPRT,Hispaniolan Parrot,Amazona ventralis,,"No butt-end bands, special parrot bands only. | Pas de bagues à joint abouté, seulement des bagues spéciales pour perroquets."
PRPA,Puerto Rican Parrot,Amazona vittata,Y,"No butt-end bands, special parrot bands only. | Pas de bagues à joint abouté, seulement des bagues spéciales pour perroquets."
OWAM,Orange-winged Amazon,Amazona amazonica,,"No butt-end bands, special parrot bands only. | Pas de bagues à joint abouté, seulement des bagues spéciales pour perroquets."
SBAN,Smooth-billed Ani,Crotophaga ani,,
GBAN,Groove-billed Ani,Crotophaga sulcirostris,,
GRRO,Greater Roadrunner,Geococcyx californianus,,
PRLC,Puerto Rican Lizard-Cuckoo,Coccyzus vieilloti,,
MACU,Mangrove Cuckoo,Coccyzus minor,,
YBCU,Yellow-billed Cuckoo,Coccyzus americanus,,
WYBC,Western Yellow-billed Cuckoo,Coccyzus americanus,Y,"Endangered western US populations (AZ, CA, CO, ID, MT, NV, NM, OR, TX, UT, WA, WY). | Les populations de l'ouest des États-Unis sont menacées (AZ, CA, CO, ID, MT, NV, NM, OR, TX, UT, WA, WY)."
BBCU,Black-billed Cuckoo,Coccyzus erythropthalmus,,
ELTR,Elegant Trogon,Trogon elegans,,
EAQU,Eared Quetzal,Euptilotis neoxenus,,
BEKI,Belted Kingfisher,Megaceryle alcyon,,
RIKI,Ringed Kingfisher,Megaceryle torquata,,
GKIN,Green Kingfisher,Chloroceryle americana,,Size 2 needs to be filed to a shorter height; 1D may be best fit. | La taille 2 doit être limer à une hauteur plus courte; la taille 1D peut être la plus appropriée.
PRTO,Puerto Rican Tody,Todus mexicanus,,
IBWO,Ivory-billed Woodpecker,Campephilus principalis,Y,
HAWO,Hairy Woodpecker,Dryobates villosus,,
DOWO,Downy Woodpecker,Dryobates pubescens,,
RCWO,Red-cockaded Woodpecker,Dryobates borealis,Y,
LBWO,Ladder-backed Woodpecker,Dryobates scalaris,,
NUWO,Nuttall's Woodpecker,Dryobates nuttallii,,
ARWO,Arizona Woodpecker,Dryobates arizonae,,
WHWO,White-headed Woodpecker,Picoides albolarvatus,British Columbia,
BBWO,Black-backed Woodpecker,Picoides arcticus,,
ATTW,American Three-toed Woodpecker,Picoides dorsalis,,
YBSA,Yellow-bellied Sapsucker,Sphyrapicus varius,,
RNSA,Red-naped Sapsucker,Sphyrapicus nuchalis,,
HYSA,Hybrid Sapsucker,,,"Report suspected parentage as a remark (e.g. Species1 x Species2). | Signalez les liens de parenté suspects dans le champs remarque (p. ex., Espèce1 x Espèce2)."
RBSA,Red-breasted Sapsucker,Sphyrapicus ruber,,
WISA,Williamson's Sapsucker,Sphyrapicus thyroideus,British Columbia,
PIWO,Pileated Woodpecker,Dryocopus pileatus,,
RHWO,Red-headed Woodpecker,Melanerpes erythrocephalus,ManitobaOntarioQuébecSaskatchewan,
ACWO,Acorn Woodpecker,Melanerpes formicivorus,,
PRWO,Puerto Rican Woodpecker,Melanerpes portoricensis,,
LEWO,Lewis's Woodpecker,Melanerpes lewis,Y,
RBWO,Red-bellied Woodpecker,Melanerpes carolinus,,
WIWO,West Indian Woodpecker,Melanerpes superciliaris,,
GFWO,Golden-fronted Woodpecker,Melanerpes aurifrons,,
GIWO,Gila Woodpecker,Melanerpes uropygialis,,
YSFL,Yellow-shafted Flicker,Colaptes auratus auratus,,
FLIN,Flicker Intergrade,Colaptes auratus,,To be used for Northern Flickers that appear to be intergrades between two subspecies. | À utiliser pour les pics flamboyants qui semblent être entre les deux sous-espèces.
RSFL,Red-shafted Flicker,Colaptes auratus cafer,,
GIFL,Gilded Flicker,Colaptes chrysoides,,
CWWI,Chuck-will's-widow,Antrostomus carolinensis,,
BCNI,Buff-collared Nightjar,Antrostomus ridgwayi,,
EWPW,Eastern Whip-poor-will,Antrostomus vociferus,Y,
PRNI,Puerto Rican Nightjar,Antrostomus noctitherus,Y,
MWPW,Mexican Whip-poor-will,Antrostomus arizonae,,
COPO,Common Poorwill,Phalaenoptilus nuttallii,,
COPA,Common Pauraque,Nyctidromus albicollis,,
CONI,Common Nighthawk,Chordeiles minor,AlbertaBritish ColumbiaManitobaNew BrunswickNewfoundland and LabradorNova ScotiaOntarioPrince Edward IslandQuébecSaskatchewanYukon TerritoryNorthwest Territories,
ANNI,Antillean Nighthawk,Chordeiles gundlachii,,
LENI,Lesser Nighthawk,Chordeiles acutipennis,,
BLSW,Black Swift,Cypseloides niger,Y,
CHSW,Chimney Swift,Chaetura pelagica,ManitobaNew BrunswickNova ScotiaOntarioQuébecSaskatchewan,
STSW,Short-tailed Swift,Chaetura brachyura,,
VASW,Vaux's Swift,Chaetura vauxi,,
WTSW,White-throated Swift,Aeronautes saxatalis,,
MAHU,Magnificent Hummingbird,Eugenes fulgens,,"Appropriate diameter to be determined based on species, gender, and geographic considerations. | Le diamètre approprié de la bague est déterminé en fonction de l'espèce, du sexe et de considérations géographiques."
PCST,Plain-capped Starthroat,Heliomaster constantii,,"Appropriate diameter to be determined based on species, gender, and geographic considerations. | Le diamètre approprié de la bague est déterminé en fonction de l'espèce, du sexe et de considérations géographiques."
BLUH,Blue-throated Hummingbird,Lampornis clemenciae,,"Appropriate diameter to be determined based on species, gender, and geographic considerations. | Le diamètre approprié de la bague est déterminé en fonction de l'espèce, du sexe et de considérations géographiques."
GVIO,Green Violetear,Colibri thalassinus,,"Appropriate diameter to be determined based on species, gender, and geographic considerations. | Le diamètre approprié de la bague est déterminé en fonction de l'espèce, du sexe et de considérations géographiques."
RTHU,Ruby-throated Hummingbird,Archilochus colubris,,"Appropriate diameter to be determined based on species, gender, and geographic considerations. | Le diamètre approprié de la bague est déterminé en fonction de l'espèce, du sexe et de considérations géographiques."
BCHU,Black-chinned Hummingbird,Archilochus alexandri,,"Appropriate diameter to be determined based on species, gender, and geographic considerations. | Le diamètre approprié de la bague est déterminé en fonction de l'espèce, du sexe et de considérations géographiques."
COHU,Costa's Hummingbird,Calypte costae,,"Appropriate diameter to be determined based on species, gender, and geographic considerations. | Le diamètre approprié de la bague est déterminé en fonction de l'espèce, du sexe et de considérations géographiques."
ANHU,Anna's Hummingbird,Calypte anna,,"Appropriate diameter to be determined based on species, gender, and geographic considerations. | Le diamètre approprié de la bague est déterminé en fonction de l'espèce, du sexe et de considérations géographiques."
BTLH,Broad-tailed Hummingbird,Selasphorus platycercus,,"Appropriate diameter to be determined based on species, gender, and geographic considerations. | Le diamètre approprié de la bague est déterminé en fonction de l'espèce, du sexe et de considérations géographiques."
RUHU,Rufous Hummingbird,Selasphorus rufus,,"Appropriate diameter to be determined based on species, gender, and geographic considerations. | Le diamètre approprié de la bague est déterminé en fonction de l'espèce, du sexe et de considérations géographiques."
ALHU,Allen's Hummingbird,Selasphorus sasin,,"Appropriate diameter to be determined based on species, gender, and geographic considerations. | Le diamètre approprié de la bague est déterminé en fonction de l'espèce, du sexe et de considérations géographiques."
BUHU,Bumblebee Hummingbird,Atthis heloisa,,"Appropriate diameter to be determined based on species, gender, and geographic considerations. | Le diamètre approprié de la bague est déterminé en fonction de l'espèce, du sexe et de considérations géographiques."
CAHU,Calliope Hummingbird,Selasphorus calliope,,"Appropriate diameter to be determined based on species, gender, and geographic considerations. | Le diamètre approprié de la bague est déterminé en fonction de l'espèce, du sexe et de considérations géographiques."
JAMA,Jamaican Mango,Anthracothorax mango,,"Appropriate diameter to be determined based on species, gender, and geographic considerations. | Le diamètre approprié de la bague est déterminé en fonction de l'espèce, du sexe et de considérations géographiques."
GRMA,Green Mango,Anthracothorax viridis,,"Appropriate diameter to be determined based on species, gender, and geographic considerations. | Le diamètre approprié de la bague est déterminé en fonction de l'espèce, du sexe et de considérations géographiques."
GTCA,Green-throated Carib,Eulampis holosericeus,,"Appropriate diameter to be determined based on species, gender, and geographic considerations. | Le diamètre approprié de la bague est déterminé en fonction de l'espèce, du sexe et de considérations géographiques."
ACHU,Antillean Crested Hummingbird,Orthorhyncus cristatus,,"Appropriate diameter to be determined based on species, gender, and geographic considerations. | Le diamètre approprié de la bague est déterminé en fonction de l'espèce, du sexe et de considérations géographiques."
GREM,Green-breasted Mango,Anthracothorax prevostii,,"Appropriate diameter to be determined based on species, gender, and geographic considerations. | Le diamètre approprié de la bague est déterminé en fonction de l'espèce, du sexe et de considérations géographiques."
LUHU,Lucifer Hummingbird,Calothorax lucifer,,"Appropriate diameter to be determined based on species, gender, and geographic considerations. | Le diamètre approprié de la bague est déterminé en fonction de l'espèce, du sexe et de considérations géographiques."
BAWO,Bahama Woodstar,Nesophlox evelynae,,"Appropriate diameter to be determined based on species, gender, and geographic considerations. | Le diamètre approprié de la bague est déterminé en fonction de l'espèce, du sexe et de considérations géographiques."
RUFH,Rufous-tailed Hummingbird,Amazilia tzacatl,,"Appropriate diameter to be determined based on species, gender, and geographic considerations. | Le diamètre approprié de la bague est déterminé en fonction de l'espèce, du sexe et de considérations géographiques."
BEHU,Berylline Hummingbird,Amazilia beryllina,,"Appropriate diameter to be determined based on species, gender, and geographic considerations. | Le diamètre approprié de la bague est déterminé en fonction de l'espèce, du sexe et de considérations géographiques."
BUFH,Buff-bellied Hummingbird,Amazilia yucatanensis,,"Appropriate diameter to be determined based on species, gender, and geographic considerations. | Le diamètre approprié de la bague est déterminé en fonction de l'espèce, du sexe et de considérations géographiques."
VCHU,Violet-crowned Hummingbird,Amazilia violiceps,,"Appropriate diameter to be determined based on species, gender, and geographic considerations. | Le diamètre approprié de la bague est déterminé en fonction de l'espèce, du sexe et de considérations géographiques."
WEHU,White-eared Hummingbird,Hylocharis leucotis,,"Appropriate diameter to be determined based on species, gender, and geographic considerations. | Le diamètre approprié de la bague est déterminé en fonction de l'espèce, du sexe et de considérations géographiques."
PREM,Puerto Rican Emerald,Chlorostilbon maugaeus,,"Appropriate diameter to be determined based on species, gender, and geographic considerations. | Le diamètre approprié de la bague est déterminé en fonction de l'espèce, du sexe et de considérations géographiques."
HYHU,Hybrid Hummingbird,,,"Appropriate diameter to be determined based on species, gender, and geographic considerations. Explain in remarks what the parent species were. | La taille appropriée de la bague est déterminée en fonction de l'espèce, du sexe et de considérations géographiques. Expliquer dans les remarques quelles étaient les espèces parentes."
UNHU,Unidentified Hummingbird,,,"Appropriate diameter to be determined based on species, gender, and geographic considerations. | Le diamètre approprié de la bague est déterminé en fonction de l'espèce, du sexe et de considérations géographiques."
BBLH,Broad-billed Hummingbird,Cynanthus latirostris,,"Appropriate diameter to be determined based on species, gender, and geographic considerations. | Le diamètre approprié de la bague est déterminé en fonction de l'espèce, du sexe et de considérations géographiques."
RTBE,Rose-throated Becard,Pachyramphus aglaiae,,
FTFL,Fork-tailed Flycatcher,Tyrannus savana,,
STFL,Scissor-tailed Flycatcher,Tyrannus forficatus,,
EAKI,Eastern Kingbird,Tyrannus tyrannus,,
GRAK,Gray Kingbird,Tyrannus dominicensis,,
TBKI,Thick-billed Kingbird,Tyrannus crassirostris,,
LOKI,Loggerhead Kingbird,Tyrannus caudifasciatus,,
TRKI,Tropical Kingbird,Tyrannus melancholicus,,
COKI,Couch's Kingbird,Tyrannus couchii,,
WEKI,Western Kingbird,Tyrannus verticalis,,
CAKI,Cassin's Kingbird,Tyrannus vociferans,,
GKIS,Great Kiskadee,Pitangus sulphuratus,,
SBFL,Sulphur-bellied Flycatcher,Myiodynastes luteiventris,,
GCFL,Great Crested Flycatcher,Myiarchus crinitus,,
BCFL,Brown-crested Flycatcher,Myiarchus tyrannulus,,
NUFL,Nutting's Flycatcher,Myiarchus nuttingi,,
ATFL,Ash-throated Flycatcher,Myiarchus cinerascens,,
DCFL,Dusky-capped Flycatcher,Myiarchus tuberculifer,,
LSFL,La Sagra's Flycatcher,Myiarchus sagrae,,
PRFL,Puerto Rican Flycatcher,Myiarchus antillarum,,
STOF,Stolid Flycatcher,Myiarchus stolidus,,
LESF,Lesser Antillean Flycatcher,Myiarchus oberi,,
EAPH,Eastern Phoebe,Sayornis phoebe,,
SAPH,Say's Phoebe,Sayornis saya,,
BLPH,Black Phoebe,Sayornis nigricans,,
OSFL,Olive-sided Flycatcher,Contopus cooperi,AlbertaBritish ColumbiaManitobaNew BrunswickNewfoundland and LabradorNova ScotiaOntarioPrince Edward IslandQuébecSaskatchewanYukon TerritoryNorthwest Territories,
GRPE,Greater Pewee,Contopus pertinax,,
EAWP,Eastern Wood-Pewee,Contopus virens,,
WEWP,Western Wood-Pewee,Contopus sordidulus,,
CUPE,Cuban Pewee,Contopus caribaeus,,
LAPE,Lesser Antillean Pewee,Contopus latirostris,,
JAPE,Jamaican Pewee,Contopus pallidus,,
HIPE,Hispaniolan Pewee,Contopus hispaniolensis,,
YBFL,Yellow-bellied Flycatcher,Empidonax flaviventris,,
COFL,Cordilleran Flycatcher,Empidonax occidentalis,,AOU split from 4649-WEFL in 1989. | AOU l’a séparé de 4649-WEFL en 1989.
PSFL,Pacific-slope Flycatcher,Empidonax difficilis,,AOU split from 4649-WEFL in 1989. | AOU l’a séparé de 4649-WEFL en 1989.
WEFL,Western Flycatcher,,,
ACFL,Acadian Flycatcher,Empidonax virescens,Ontario,
WIFL,Willow Flycatcher,Empidonax traillii,,AOU split from 4669-TRFL in 1973. | AOU l’a séparé de 4669-TRFL en 1973.
ALFL,Alder Flycatcher,Empidonax alnorum,,AOU split from 4669-TRFL in 1973. | AOU l’a séparé de 4669-TRFL en 1973.
SWFL,Southwestern Willow Flycatcher,Empidonax traillii extimus,Y,
TRFL,Traill's Flycatcher,,,"Empidonax alnorum and E. traillii, prior to split in 1973. | Empidonax alnorum et E. traillii, avant la séparation en 1973."
LEFL,Least Flycatcher,Empidonax minimus,,
UNEM,Unidentified Empidonax,,,Explain in Remarks why the unidentified code was chosen | Expliquez dans les Remarques pourquoi le code non identifié a été choisi.
HAFL,Hammond's Flycatcher,Empidonax hammondii,,
DUFL,Dusky Flycatcher,Empidonax oberholseri,,
GRFL,Gray Flycatcher,Empidonax wrightii,,
BBFL,Buff-breasted Flycatcher,Empidonax fulvifrons,,
VEFL,Vermilion Flycatcher,Pyrocephalus rubinus,,
GREL,Greenish Elaenia,Myiopagis viridicata,,
NBTY,Northern Beardless-Tyrannulet,Camptostoma imberbe,,
CAEL,Caribbean Elaenia,Elaenia martinica,,
EUSK,Eurasian Skylark,Alauda arvensis,,
HOLA,Horned Lark,Eremophila alpestris,Y,strigata subspecies endangered in BC. | La sous-espèce strigata est menacée en Colombie-Britannique.
SHLA,Streaked Horned Lark,Eremophila alpestris strigata,Y,"E. a. strigata only in OR, WA. BC | E. a. strigata uniquement en Oregon, Washington, Colombie-Britannique."
BBMA,Black-billed Magpie,Pica hudsonia,,
YBMA,Yellow-billed Magpie,Pica nuttalli,,
BLJA,Blue Jay,Cyanocitta cristata,,
STJA,Steller's Jay,Cyanocitta stelleri,,
FLSJ,Florida Scrub-Jay,Aphelocoma coerulescens,Y,
WESJ,Western Scrub-Jay,Aphelocoma californica,,
ISSJ,Island Scrub-Jay,Aphelocoma insularis,,
WOSJ,Woodhouse's Scrub-Jay,Aphelocoma woodhouseii,,
CASJ,California Scrub-Jay,Aphelocoma californica,,
MEJA,Mexican Jay,Aphelocoma wollweberi,,
GREJ,Green Jay,Cyanocorax yncas,,
BRJA,Brown Jay,Psilorhinus morio,,
CAJA,Canada Jay,Perisoreus canadensis,,
CORA,Common Raven,Corvus corax,,
CHRA,Chihuahuan Raven,Corvus cryptoleucus,,
WNCR,White-necked Crow,Corvus leucognaphalus,Y,
AMCR,American Crow,Corvus brachyrhynchos,,
NOCR,Northwestern Crow,Corvus caurinus,,
TACR,Tamaulipas Crow,Corvus imparatus,,
HCRO,Hawaiian Crow,Corvus hawaiiensis,Y,
FICR,Fish Crow,Corvus ossifragus,,
CLNU,Clark's Nutcracker,Nucifraga columbiana,,
PIJA,Pinyon Jay,Gymnorhinus cyanocephalus,,
EUST,European Starling,Sturnus vulgaris,,
CRMY,Crested Myna,Acridotheres cristatellus,,
COMY,Common Myna,Acridotheres tristis,,
JAMY,Javan Myna,Acridotheres javanicus,,
HIMY,Hill Myna,Gracula religiosa,,
JUMY,Jungle Myna,Acridotheres fuscus,,
BOBO,Bobolink,Dolichonyx oryzivorus,Y,
BHCO,Brown-headed Cowbird,Molothrus ater,,
BROC,Bronzed Cowbird,Molothrus aeneus,,
SHCO,Shiny Cowbird,Molothrus bonariensis,,
YHBL,Yellow-headed Blackbird,Xanthocephalus xanthocephalus,,
RWBL,Red-winged Blackbird,Agelaius phoeniceus,,
TRBL,Tricolored Blackbird,Agelaius tricolor,,
TSBL,Tawny-shouldered Blackbird,Agelaius humeralis,,
YSBL,Yellow-shouldered Blackbird,Agelaius xanthomus,Y,
EAME,Eastern Meadowlark,Sturnella magna,Y,
WEME,Western Meadowlark,Sturnella neglecta,,
AUOR,Audubon's Oriole,Icterus graduacauda,,
ALOR,Altamira Oriole,Icterus gularis,,
SPOO,Spot-breasted Oriole,Icterus pectoralis,,
SCOR,Scott's Oriole,Icterus parisorum,,
BVOR,Black-vented Oriole,Icterus wagleri,,
BCOR,Black-cowled Oriole,Icterus prosthemelas,,
CUOR,Cuban Oriole,Icterus melanopsis,,
BAHO,Bahama Oriole,Icterus northropi,,
PROR,Puerto Rican Oriole,Icterus portoricensis,,
HIOR,Hispaniolan Oriole,Icterus dominicensis,,
HOOR,Hooded Oriole,Icterus cucullatus,,
STRO,Streak-backed Oriole,Icterus pustulatus,,
OROR,Orchard Oriole,Icterus spurius,,
BAOR,Baltimore Oriole,Icterus galbula,,
BBOH,Baltimore X Bullock's Oriole Hybrid,,,
BUOR,Bullock's Oriole,Icterus bullockii,,
RUBL,Rusty Blackbird,Euphagus carolinus,,
BRBL,Brewer's Blackbird,Euphagus cyanocephalus,,
COGR,Common Grackle,Quiscalus quiscula,,
GTGR,Great-tailed Grackle,Quiscalus mexicanus,,
BTGR,Boat-tailed Grackle,Quiscalus major,,
GAGR,Greater Antillean Grackle,Quiscalus niger,,
EVGR,Evening Grosbeak,Coccothraustes vespertinus,,
BRAM,Brambling,Fringilla montifringilla,,
HAWF,Hawfinch,Coccothraustes coccothraustes,,
COCH,Common Chaffinch,Fringilla coelebs,,
PIGR,Pine Grosbeak,Pinicola enucleator,,
EUBU,Eurasian Bullfinch,Pyrrhula pyrrhula,,
CORO,Common Rosefinch,Carpodacus erythrinus,,
PUFI,Purple Finch,Haemorhous purpureus,,
CAFI,Cassin's Finch,Haemorhous cassinii,,
HOFI,House Finch,Haemorhous mexicanus,,
RECR,Red Crossbill,Loxia curvirostra,Newfoundland and Labrador,
CACR,Cassia Crossbill,Loxia sinesciuris,,
WWCR,White-winged Crossbill,Loxia leucoptera,,
GCRF,Gray-crowned Rosy-Finch,Leucosticte tephrocotis,,
BLRF,Black Rosy-Finch,Leucosticte atrata,,
BCRF,Brown-capped Rosy-Finch,Leucosticte australis,,
EUGO,European Goldfinch,Carduelis carduelis,,
ORGR,Oriental Greenfinch,Chloris sinica,,
HORE,Hoary Redpoll,Acanthis hornemanni,,
UNRE,Unidentified Common/Hoary Redpoll,,,Unspecified Acanthis flammea or A. hornemanni. Explain in Remarks why the unspecified code was chosen. | Acanthis flammea ou A. hornemanni non spécifié. Expliquez dans les Remarques pourquoi le code non identifié a été choisi.
CORE,Common Redpoll,Acanthis flammea,,
AMGO,American Goldfinch,Spinus tristis,,
LEGO,Lesser Goldfinch,Spinus psaltria,,
LAGO,Lawrence's Goldfinch,Spinus lawrencei,,
RESI,Red Siskin,Spinus cucullatus,,
PISI,Pine Siskin,Spinus pinus,,
COCA,Common Canary,Serinus canaria,,
YFCA,Yellow-fronted Canary,Crithagra mozambica,,
SNBU,Snow Bunting,Plectrophenax nivalis,,
MKBU,McKay's Bunting,Plectrophenax hyperboreus,,
RUBU,Rustic Bunting,Emberiza rustica,,
LIBU,Little Bunting,Emberiza pusilla,,
GRBU,Gray Bunting,Emberiza variabilis,,
PALB,Pallas's Bunting,Emberiza pallasi,,
REBU,Reed Bunting,Emberiza schoeniclus,,
LALO,Lapland Longspur,Calcarius lapponicus,,
SMLO,Smith's Longspur,Calcarius pictus,,
CCLO,Chestnut-collared Longspur,Calcarius ornatus,Y,
MCLO,McCown's Longspur,Rhynchophanes mccownii,Y,
VESP,Vesper Sparrow,Pooecetes gramineus,British Columbia,
IPSP,Ipswich Sparrow,Passerculus sandwichensis princeps,,
SAVS,Savannah Sparrow,Passerculus sandwichensis,,
BSSP,Belding's Savannah Sparrow,Passerculus sandwichensis beldingi,,
LBSP,Large-billed Sparrow,Passerculus sandwichensis rostratus,,
BAIS,Baird's Sparrow,Centronyx bairdii,,
GRSP,Grasshopper Sparrow,Ammodramus savannarum,,Includes all subspecies except A. s. floridanus. | Comprend toutes les sous-espèces autres que A. s. floridanus.
FGSP,Florida Grasshopper Sparrow,Ammodramus savannarum floridanus,Y,
HESP,Henslow's Sparrow,Ammodramus henslowii,Ontario,
LCSP,LeConte's Sparrow,Ammodramus leconteii,,
SALS,Saltmarsh Sparrow,Ammodramus caudacuta,,
NESP,Nelson's Sparrow,Ammospiza nelsoni,,
STSP,Unidentified Sharp-tailed Sparrow,,,Unspecified Ammodramus caudacutus or A. nelsoni. Explain in Remarks why the unspecified code was chosen. | Ammodramus caudacutus ou A. nelsoni non spécifié. Expliquez dans les Remarques pourquoi le code non identifié a été choisi.
SESP,Seaside Sparrow,Ammodramus maritima,,
DSSP,Dusky Seaside Sparrow,Ammodramus maritima nigrescens,,
CSSS,Cape Sable Seaside Sparrow,Ammodramus maritimus mirabilis,Y,
LASP,Lark Sparrow,Chondestes grammacus,,
HASP,Harris's Sparrow,Zonotrichia querula,,
WCSP,White-crowned Sparrow,Zonotrichia leucophrys,,
EWCS,Eastern White-crowned Sparrow,Zonotrichia leucophrys leucophrys,,
MWCS,Mountain White-crowned Sparrow,Zonotrichia leucophrys oriantha,,
PSWS,Puget Sound White-crowned Sparrow,Zonotrichia leucophrys pugetensis,,
GWCS,Gambel's White-crowned Sparrow,Zonotrichia leucophrys gambelii,,
NWCS,Nuttall's White-crowned Sparrow,Zonotrichia leucophrys nuttalli,,
GCSP,Golden-crowned Sparrow,Zonotrichia atricapilla,,
WTSP,White-throated Sparrow,Zonotrichia albicollis,,
RUFS,Rufous-collared Sparrow,Zonotrichia capensis,,
ZSHY,Zonotrichia Sparrow Hybrid,,,"Report suspected parentage as a remark (e.g. Species1 x Species2). | Signalez les liens de parenté suspects dans le champs remarque (p. ex., Espèce1 x Espèce2)."
ATSP,American Tree Sparrow,Spizelloides arborea,,
CHSP,Chipping Sparrow,Spizella passerina,,
CCSP,Clay-colored Sparrow,Spizella pallida,,
BRSP,Brewer's Sparrow,Spizella breweri,,
FISP,Field Sparrow,Spizella pusilla,,
WOSP,Worthen's Sparrow,Spizella wortheni,,
BCSP,Black-chinned Sparrow,Spizella atrogularis,,
WWJU,White-winged Junco,Junco hyemalis aikeni,,
SCJU,Slate-colored Junco,Junco hyemalis hyemalis,,
ORJU,Oregon Junco,Junco hyemalis oreganus,,
UDEJ,Unidentified Dark-eyed Junco,Junco hyemalis,,To be used for Dark-eyed Juncos whose subspecies cannot be determined. | À utiliser pour les Juncos ardoisés dont la sous-espèce ne peut être déterminée.
GHJU,Gray-headed Junco,Junco hyemalis caniceps,,
YEJU,Yellow-eyed Junco,Junco phaeonotus,,
BTSP,Black-throated Sparrow,Amphispiza bilineata,,
USSP,Unspecified Sage Sparrow,,,Unspecified Artemisiospiza belli or A. nevadensis (not A. b. clementeae). Explain in Remarks why the unspecified code was chosen. | Artemisiospiza belli ou A. nevadensis (pas A. b. clementeae) non spécifié. Expliquez dans les Remarques pourquoi le code non identifié a été choisi.
SCBS,San Clemente Bell's Sparrow,Artemisiospiza belli belli,Y,
FSSP,Five-striped Sparrow,Amphispiza quinquestriata,,
SBSP,Sagebrush Sparrow,Artemisiospiza nevadensis,,AOU split from 5740 Sage Sparrow in 2014. | AOU l’a séparé de 5740 en 2014.
BESP,Bell's Sparrow,Artemisiospiza belli,,AOU split from 5740 Sage Sparrow in 2014. | AOU l’a séparé de 5740 en 2014.
BACS,Bachman's Sparrow,Peucaea aestivalis,,
BOSP,Botteri's Sparrow,Peucaea botterii,,
CASP,Cassin's Sparrow,Peucaea cassinii,,
RWSP,Rufous-winged Sparrow,Peucaea carpalis,,
RCSP,Rufous-crowned Sparrow,Aimophila ruficeps,,
SOSP,Song Sparrow,Melospiza melodia,,
LISP,Lincoln's Sparrow,Melospiza lincolnii,,
SWSP,Swamp Sparrow,Melospiza georgiana,,
FOSP,Fox Sparrow,Passerella iliaca,,
OLSP,Olive Sparrow,Arremonops rufivirgatus,,
SAFI,Saffron Finch,Sicalis flaveola,,
EATO,Eastern Towhee,Pipilo erythrophthalmus,,AOU split from 5876 in 1998. | AOU l’a séparé de 5876 en 1998.
URST,Unidentified Rufous-sided Towhee,,,"Includes Pipilo erythrophthalmus and P. maculatus prior to split in 1998. Explain in Remarks why the unidentified code was chosen. | Comprend Pipilo erythrophthalmus et P. maculatus, avant leur séparation en 1998. Expliquez dans les Remarques pourquoi le code non identifié a été choisi."
SPTO,Spotted Towhee,Pipilo maculatus,,AOU split from 5876 in 1998. | AOU l’a séparé de 5876 en 1998.
GTTO,Green-tailed Towhee,Pipilo chlorurus,,
HYTO,Hybrid Towhee,,,"Report suspected parentage as a remark (e.g. Species1 x Species2). | Signalez les liens de parenté suspects dans le champs remarque (p. ex., Espèce1 x Espèce2)."
CANT,Canyon Towhee,Melozone fusca,,
CALT,California Towhee,Melozone crissalis,,
ICTO,Inyo California Towhee,Melozone crissalis eremophilus,Y,
ABTO,Abert's Towhee,Melozone aberti,,
RCCA,Red-crested Cardinal,Paroaria coronata,,
YBCA,Yellow-billed Cardinal,Paroaria capitata,,
NOCA,Northern Cardinal,Cardinalis cardinalis,,
PYRR,Pyrrhuloxia,Cardinalis sinuatus,,
RBGR,Rose-breasted Grosbeak,Pheucticus ludovicianus,,
BHGR,Black-headed Grosbeak,Pheucticus melanocephalus,,
YEGR,Yellow Grosbeak,Pheucticus chrysopeplus,,
BLGR,Blue Grosbeak,Passerina caerulea,,
BLBU,Blue Bunting,Cyanocompsa parellina,,
INBU,Indigo Bunting,Passerina cyanea,,
ILBH,Indigo X Lazuli Bunting Hybrid,,,Passerina cyanea X P. amoena. | Passerina cyanea X P. amoena.
LAZB,Lazuli Bunting,Passerina amoena,,
VABU,Varied Bunting,Passerina versicolor,,
PABU,Painted Bunting,Passerina ciris,,
WCSE,White-collared Seedeater,Sporophila torqueola,,
PUEB,Puerto Rican Bullfinch,Melopyrrha portoricensis,,
LESB,Lesser Antillean Bullfinch,Loxigilla noctis,,
BFGR,Black-faced Grassquit,Melanospiza bicolor,,
CUGR,Cuban Grassquit,Phonipara canora,,
YFGR,Yellow-faced Grassquit,Tiaris olivaceus,,
DICK,Dickcissel,Spiza americana,,
LARB,Lark Bunting,Calamospiza melanocorys,Y,
ANEU,Antillean Euphonia,Euphonia musica,,
WETA,Western Tanager,Piranga ludoviciana,,
FCTA,Flame-colored Tanager,Piranga bidentata,,
SCTA,Scarlet Tanager,Piranga olivacea,,
HETA,Hepatic Tanager,Piranga flava,,
SUTA,Summer Tanager,Piranga rubra,,
WESP,Western Spindalis,Spindalis zena,,
PRTA,Puerto Rican Tanager,Nesospingus speculiferus,,
HISP,Hispaniolan Spindalis,Spindalis dominicensis,,
PRSP,Puerto Rican Spindalis,Spindalis portoricensis,,
JAMS,Jamaican Spindalis,Spindalis nigricephala,,
PUMA,Purple Martin,Progne subis,,
GBMA,Gray-breasted Martin,Progne chalybea,,
CAMA,Caribbean Martin,Progne dominicensis,,
CLSW,Cliff Swallow,Petrochelidon pyrrhonota,,
CASW,Cave Swallow,Petrochelidon fulva,,
BARS,Barn Swallow,Hirundo rustica,Y,
TRES,Tree Swallow,Tachycineta bicolor,,
VGSW,Violet-green Swallow,Tachycineta thalassina,,
BAHS,Bahama Swallow,Tachycineta cyaneoviridis,,
BANS,Bank Swallow,Riparia riparia,Y,
NRWS,Northern Rough-winged Swallow,Stelgidopteryx serripennis,,
BOWA,Bohemian Waxwing,Bombycilla garrulus,,
CEDW,Cedar Waxwing,Bombycilla cedrorum,,
PHAI,Phainopepla,Phainopepla nitens,,
NSHR,Northern Shrike,Lanius borealis,,
BRSH,Brown Shrike,Lanius cristatus,,
LOSH,Loggerhead Shrike,Lanius ludovicianus,AlbertaManitobaOntarioQuébecSaskatchewan,
KAOO,Kauai Oo,Moho braccatus,Y,
BIOO,Bishop's Oo,Moho bishopi,Y,
JAWE,Japanese White-eye,Zosterops japonicus,,
SLSH,San Clemente Loggerhead Shrike,Lanius ludovicianus mearnsi,Y,
BWVI,Black-whiskered Vireo,Vireo altiloquus,,
REVI,Red-eyed Vireo,Vireo olivaceus,,
YGVI,Yellow-green Vireo,Vireo flavoviridis,,
PHVI,Philadelphia Vireo,Vireo philadelphicus,,
WAVI,Warbling Vireo,Vireo gilvus,,
YTVI,Yellow-throated Vireo,Vireo flavifrons,,
BHVI,Blue-headed Vireo,Vireo solitarius,,AOU split from 6299-SOVI in 1998. | AOU l’a séparé de 6299-SOVI en 1998.
PLVI,Plumbeous Vireo,Vireo plumbeus,,AOU split from 6299-SOVI in 1998. | AOU l’a séparé de 6299-SOVI en 1998.
CAVI,Cassin's Vireo,Vireo cassinii,,AOU split from 6299-SOVI in 1998. | AOU l’a séparé de 6299-SOVI en 1998.
SOVI,Solitary Vireo,,,"Includes Vireo solitarius, V. plumbeus, and V. cassinii, prior to split in 1998. Explain in Remarks why the unspecified code was chosen. | Comprend Vireo solitarius, V. plumbeus et V. cassinii, avant leur séparation en 1998. Expliquez dans les Remarques pourquoi le code non identifié a été choisi."
BCVI,Black-capped Vireo,Vireo atricapilla,,
WEVI,White-eyed Vireo,Vireo griseus,,
HUVI,Hutton's Vireo,Vireo huttoni,,
BEVI,Bell's Vireo,Vireo bellii,,
PRVI,Puerto Rican Vireo,Vireo latimeri,,
LBVI,Least Bell's Vireo,Vireo bellii pusillus,Y,
GRVI,Gray Vireo,Vireo vicinior,,
BANA,Bananaquit,Coereba flaveola,,
BAWW,Black-and-white Warbler,Mniotilta varia,,
HYWA,Hybrid Warbler,,,"Report suspected parentage as a remark (e.g. Species1 x Species2). | Signalez les liens de parenté suspects dans le champs remarque (p. ex., Espèce1 x Espèce2)."
PROW,Prothonotary Warbler,Protonotaria citrea,Ontario,
SWWA,Swainson's Warbler,Limnothlypis swainsonii,,
WEWA,Worm-eating Warbler,Helmitheros vermivorum,,
BWWA,Blue-winged Warbler,Vermivora cyanoptera,,
BRWA,Brewster's Warbler,,,
LAWA,Lawrence's Warbler,,,
GBWH,Golden-winged x Blue-winged Warbler Hybrid,,,Vermivora chrysoptera X V. cyanoptera. Use for hybrids that do not fit Lawrences or Brewsters. | Vermivora chrysoptera X V. cyanoptera. À utiliser pour les hybrides qui ne correspondent pas aux Parulines de Lawrence ou de Brewster.
GWWA,Golden-winged Warbler,Vermivora chrysoptera,ManitobaOntarioQuébec,
LUWA,Lucy's Warbler,Leiothlypis luciae,,
VIWA,Virginia's Warbler,Leiothlypis virginiae,,
NAWA,Nashville Warbler,Leiothlypis ruficapilla,,
OCWA,Orange-crowned Warbler,Leiothlypis celata,,
TEWA,Tennessee Warbler,Leiothlypis peregrina,,
COLW,Colima Warbler,Leiothlypis crissalis,,
NOPA,Northern Parula,Setophaga americana,,
TRPA,Tropical Parula,Setophaga pitiayumi,,
CMWA,Cape May Warbler,Setophaga tigrina,,
OLWA,Olive Warbler,Peucedramus taeniatus,,
YEWA,Yellow Warbler,Setophaga petechia,,
BTBW,Black-throated Blue Warbler,Setophaga caerulescens,,
MYWA,Myrtle Warbler,Setophaga coronata coronata,,
UYRW,Unknown Yellow-rumped Warbler,Setophaga coronata,,Undifferentiated Myrtle / Audubon's Warbler. Use only if uncertain. | Setophaga coronata coronate ou Setophaga auduboni auduboni. À n'utiliser qu'en cas d'incertitude.
AUWA,Audubon's Warbler,Setophaga auduboni auduboni,,
MAWA,Magnolia Warbler,Setophaga magnolia,,
CERW,Cerulean Warbler,Setophaga cerulea,Y,
EWWA,Elfin-woods Warbler,Setophaga angelae,,
CSWA,Chestnut-sided Warbler,Setophaga pensylvanica,,
BBWA,Bay-breasted Warbler,Setophaga castanea,,
BLPW,Blackpoll Warbler,Setophaga striata,,
BLBW,Blackburnian Warbler,Setophaga fusca,,
YTWA,Yellow-throated Warbler,Setophaga dominica,,
SUWA,Sutton's Warbler,,,
GRWA,Grace's Warbler,Setophaga graciae,,
ADWA,Adelaide's Warbler,Setophaga adelaidae,,
BARW,Barbuda Warbler,Setophaga subita,,
SLWA,St. Lucia Warbler,Setophaga delicata,,
BTYW,Black-throated Gray Warbler,Setophaga nigrescens,,
GCWA,Golden-cheeked Warbler,Setophaga chrysoparia,Y,
BTNW,Black-throated Green Warbler,Setophaga virens,,
TOWA,Townsend's Warbler,Setophaga townsendi,,
THWH,Townsend's X Hermit Warbler Hybrid,,,
HEWA,Hermit Warbler,Setophaga occidentalis,,
KIWA,Kirtland's Warbler,Setophaga kirtlandii,,
PIWA,Pine Warbler,Setophaga pinus,,
WPWA,Western Palm Warbler,Setophaga palmarum palmarum,,
YPWA,Yellow Palm Warbler,Setophaga palmarum hypochrysea,,
PRAW,Prairie Warbler,Setophaga discolor,,
OVEN,Ovenbird,Seiurus aurocapilla,,
NOWA,Northern Waterthrush,Parkesia noveboracensis,,
LOWA,Louisiana Waterthrush,Parkesia motacilla,Y,
KEWA,Kentucky Warbler,Geothlypis formosa,,
CONW,Connecticut Warbler,Oporornis agilis,,
MOWA,Mourning Warbler,Geothlypis philadelphia,,
MGWA,MacGillivray's Warbler,Geothlypis tolmiei,,
COYE,Common Yellowthroat,Geothlypis trichas,,
GCYE,Gray-crowned Yellowthroat,Geothlypis poliocephala,,
YBCH,Yellow-breasted Chat,Icteria virens,British Columbia,Some may require size 2. | Certains peuvent nécessiter une taille 2.
HOWA,Hooded Warbler,Setophaga citrina,,
WIWA,Wilson's Warbler,Cardellina pusilla,,
CAWA,Canada Warbler,Cardellina canadensis,AlbertaBritish ColumbiaManitobaNew BrunswickNova ScotiaOntarioPrince Edward IslandQuébecSaskatchewanYukon TerritoryNorthwest Territories,
AMRE,American Redstart,Setophaga ruticilla,,
PARE,Painted Redstart,Myioborus pictus,,
FTWA,Fan-tailed Warbler,Basileuterus lachrymosus,,
HOSP,House Sparrow,Passer domesticus,,
ETSP,Eurasian Tree Sparrow,Passer montanus,,
SLAR,Slate-throated Redstart,Myioborus miniatus,,
RFWA,Red-faced Warbler,Cardellina rubrifrons,,
GOLW,Golden-crowned Warbler,Basileuterus culicivorus,,
RCWA,Rufous-capped Warbler,Basileuterus rufifrons,,
WHWA,White Wagtail,Motacilla alba,,
BWAG,Black-backed Wagtail,Motacilla alba lugens,,
EYWA,Eastern Yellow Wagtail,Motacilla tschutschensis,,
GRAW,Gray Wagtail,Motacilla cinerea,,
AMPI,American Pipit,Anthus rubescens,,
PEPI,Pechora Pipit,Anthus gustavi,,
OBPI,Olive-backed Pipit,Anthus hodgsoni,,
RTPI,Red-throated Pipit,Anthus cervinus,,
SPPI,Sprague's Pipit,Anthus spragueii,AlbertaManitobaSaskatchewan,
AMDI,American Dipper,Cinclus mexicanus,,
SATH,Sage Thrasher,Oreoscoptes montanus,AlbertaBritish ColumbiaSaskatchewan,
NOMO,Northern Mockingbird,Mimus polyglottos,,
BAMO,Bahama Mockingbird,Mimus gundlachii,,
TRMO,Tropical Mockingbird,Mimus gilvus,,
GRCA,Gray Catbird,Dumetella carolinensis,,
BRTH,Brown Thrasher,Toxostoma rufum,,
LBTH,Long-billed Thrasher,Toxostoma longirostre,,
CBTH,Curve-billed Thrasher,Toxostoma curvirostre,,
BETH,Bendire's Thrasher,Toxostoma bendirei,,
CATH,California Thrasher,Toxostoma redivivum,,
LCTH,LeConte's Thrasher,Toxostoma lecontei,,
PETH,Pearly-eyed Thrasher,Margarops fuscatus,,
CRTH,Crissal Thrasher,Toxostoma crissale,,
BLMO,Blue Mockingbird,Melanotis caerulescens,,
CACW,Cactus Wren,Campylorhynchus brunneicapillus,,
ROWR,Rock Wren,Salpinctes obsoletus,,
CANW,Canyon Wren,Catherpes mexicanus,,
CARW,Carolina Wren,Thryothorus ludovicianus,,
BEWR,Bewick's Wren,Thryomanes bewickii,,
HOWR,House Wren,Troglodytes aedon,,
WIWR,Winter Wren,Troglodytes hiemalis,,
PAWR,Pacific Wren,Troglodytes pacificus,,
SEWR,Sedge Wren,Cistothorus platensis,,
MAWR,Marsh Wren,Cistothorus palustris,,
BRCR,Brown Creeper,Certhia americana,,
RWBU,Red-whiskered Bulbul,Pycnonotus jocosus,,
RVBU,Red-vented Bulbul,Pycnonotus cafer,,
WBNU,White-breasted Nuthatch,Sitta carolinensis,,
RBNU,Red-breasted Nuthatch,Sitta canadensis,,
BHNU,Brown-headed Nuthatch,Sitta pusilla,,
PYNU,Pygmy Nuthatch,Sitta pygmaea,,
TUTI,Tufted Titmouse,Baeolophus bicolor,,
BCTI,Black-crested Titmouse,Baeolophus atricristatus,,
OATI,Oak Titmouse,Baeolophus inornatus,,AOU split from 7339-PLTI in 1998. | AOU l’a séparé de 7339-PLTI en 1998.
JUTI,Juniper Titmouse,Baeolophus ridgwayi,,AOU split from 7339-PLTI in 1998. | AOU l’a séparé de 7339-PLTI en 1998.
PLTI,Plain Titmouse,,,Unspecified Baeolophus inornatus or B. ridgwayi. Explain in Remarks why the unspecified code was chosen. | Baeolophus inornatus ou B. ridgwayi non spécifié. Expliquez dans les Remarques pourquoi le code non identifié a été choisi.
BRTI,Bridled Titmouse,Baeolophus wollweberi,,
VATI,Varied Tit,Sittiparus varius,,
BCCH,Black-capped Chickadee,Poecile atricapillus,,
HYCH,Hybrid Chickadee,,,"Report suspected parentage as a remark (e.g. Species1 x Species2). | Signalez les liens de parenté suspects dans le champs remarque (p. ex., Espèce1 x Espèce2)."
CACH,Carolina Chickadee,Poecile carolinensis,,
MECH,Mexican Chickadee,Poecile sclateri,,
MOCH,Mountain Chickadee,Poecile gambeli,,
GHCH,Gray-headed Chickadee,Poecile cinctus,,
BOCH,Boreal Chickadee,Poecile hudsonicus,,
CBCH,Chestnut-backed Chickadee,Poecile rufescens,,
WREN,Wrentit,Chamaea fasciata,,
RBLE,Red-billed Leiothrix,Leiothrix lutea,,
HWAM,Hwamei,Garrulax canorus,,
GNLA,Greater Necklaced Laughingthrush,Garrulax pectoralis,,
OBNT,Orange-billed Nightingale-Thrush,Catharus aurantiirostris,,
BUSH,Bushtit,Psaltriparus minimus,,
VERD,Verdin,Auriparus flaviceps,,
JABW,Japanese Bush-Warbler,Horornis diphone,,
MILL,Millerbird,Acrocephalus familiaris,Y,
ARWA,Arctic Warbler,Phylloscopus borealis,,
MIGW,Middendorff's Grasshopper-Warbler,Locustella ochotensis,,
WOWA,Wood Warbler,Phylloscopus sibilatrix,,
DUWA,Dusky Warbler,Phylloscopus fuscatus,,
LANW,Lanceolated Warbler,Locustella lanceolata,,
GCKI,Golden-crowned Kinglet,Regulus satrapa,,
RCKI,Ruby-crowned Kinglet,Regulus calendula,,
SIAC,Siberian Accentor,Prunella montanella,,
BGGN,Blue-gray Gnatcatcher,Polioptila caerulea,,
BTGN,Black-tailed Gnatcatcher,Polioptila melanura,,
CAGN,California Gnatcatcher,Polioptila californica,Y,
BCGN,Black-capped Gnatcatcher,Polioptila nigriceps,,
BACG,Baja Gnatcatcher,Polioptila californica,,
TOSO,Townsend's Solitaire,Myadestes townsendi,,
OMAO,Omao,Myadestes obscurus,,
PUAI,Puaiohi,Myadestes palmeri,Y,
KAMA,Kamao,Myadestes myadestinus,Y,
OLOM,Olomao,Myadestes lanaiensis,Y,
WOTH,Wood Thrush,Hylocichla mustelina,Y,
VEER,Veery,Catharus fuscescens,,
GCTH,Gray-cheeked Thrush,Catharus minimus,,
BITH,Bicknell's Thrush,Catharus bicknelli,Y,
GCBT,Unidentified Gray-cheeked/Bicknell's Thrush,,,
SWTH,Swainson's Thrush,Catharus ustulatus,,
HETH,Hermit Thrush,Catharus guttatus,,
REDW,Redwing,Turdus iliacus,,
AMRO,American Robin,Turdus migratorius,,
FIEL,Fieldfare,Turdus pilaris,,
EYTH,Eyebrowed Thrush,Turdus obscurus,,
DUTH,Dusky Thrush,Turdus naumanni,,
CCTH,Clay-colored Thrush,Turdus grayi,,
RBRO,Rufous-backed Robin,Turdus rufopalliatus,,
RLTH,Red-legged Thrush,Turdus plumbeus,,
VATH,Varied Thrush,Ixoreus naevius,,
AZTH,Aztec Thrush,Ridgwayia pinicola,,
BLUE,Bluethroat,Cyanecula svecica,,
SIRU,Siberian Rubythroat,Calliope calliope,,
RFBL,Red-flanked Bluetail,Tarsiger cyanurus,,
NOWH,Northern Wheatear,Oenanthe oenanthe,,
EABL,Eastern Bluebird,Sialia sialis,,
WEBL,Western Bluebird,Sialia mexicana,,
HYBL,Hybrid Western/Mountain Bluebird,,,"Report suspected parentage as a remark (e.g. Species1 x Species2). | Signalez les liens de parenté suspects dans le champs remarque (p. ex., Espèce1 x Espèce2)."
MOBL,Mountain Bluebird,Sialia currucoides,,
WRSH,White-rumped Shama,Copsychus malabaricus,,
HAEL,Hawaii Elepaio,Chasiempis sandwichensis,,
OAEL,Oahu Elepaio,Chasiempis ibidis,Y,
KAEL,Kauai Elepaio,Chasiempis sclateri,,
TAFL,Taiga Flycatcher,Ficedula albicilla,,
DSFL,Dark-sided Flycatcher,Muscicapa sibirica,,
GSFL,Gray-streaked Flycatcher,Muscicapa griseisticta,,
LAFI,Laysan Finch,Telespiza cantans,Y,
NIFI,Nihoa Finch,Telespiza ultima,Y,
OU,Ou,Psittirostra psittacea,Y,
PALI,Palila,Loxioides bailleui,Y,
MAPA,Maui Parrotbill,Pseudonestor xanthophrys,Y,
HAAM,Hawaii Amakihi,Chlorodrepanis virens,,
OAAM,Oahu Amakihi,Chlorodrepanis flava,,
KAAM,Kauai Amakihi,Chlorodrepanis stejnegeri,,
ANIA,Anianiau,Magumma parva,,
OAAK,Oahu Akialoa,Akialoa ellisiana,Y,
NUKU,Nukupuu,Hemignathus lucidus,Y,
AKIP,Akiapolaau,Hemignathus wilsoni,Y,
AKIK,Akikiki,Oreomystis bairdi,Y,
HCRE,Hawaii Creeper,Loxops mana,Y,
MAAL,Maui Alauahio,Paroreomyza montana,,
KAKA,Kakawahie,Paroreomyza flammea,Y,
OAAL,Oahu Alauahio,Paroreomyza maculata,Y,
AKEP,Akepa,Loxops coccineus,Y,
AKEK,Akekee,Loxops caeruleirostris,Y,
IIWI,Iiwi,Drepanis coccinea,,
AKOH,Akohekohe,Palmeria dolei,Y,
APAP,Apapane,Himatione sanguinea,,
POUL,Poo-uli,Melamprosops phaeosoma,Y,
NRBI,Northern Red Bishop,Euplectes franciscanus,,
YCBI,Yellow-crowned Bishop,Euplectes afer,,
RCCO,Red-cheeked Cordonbleu,Uraeginthus bengalus,,
LAVW,Lavender Waxbill,Estrilda caerulescens,,
ORAW,Orange-cheeked Waxbill,Estrilda melpoda,,
BRWX,Black-rumped Waxbill,Estrilda troglodytes,,
COMW,Common Waxbill,Estrilda astrild,,
REAV,Red Avadavat,Amandava amandava,,
AFSI,African Silverbill,Euodice cantans,,
BRMA,Bronze Mannikin,Spermestes cucullata,,
SBMU,Scaly-breasted Munia,Lonchura punctulata,,
TRMU,Tricolored Munia,Lonchura malacca,,
JAVS,Java Sparrow,Lonchura oryzivora,,
PTWH,Pin-tailed Whydah,Vidua macroura,,
KIPE,King Penguin,Aptenodytes patagonicus,,
EMPE,Emperor Penguin,Aptenodytes forsteri,,
GEPE,Gentoo Penguin,Pygoscelis papua,,
ADPE,Adelie Penguin,Pygoscelis adeliae,,
CHPE,Chinstrap Penguin,Pygoscelis antarcticus,,
VIPE,Victoria Penguin,Eudyptes pachyrhynchus,,
ROCP,Rockhopper Penguin,Eudyptes chrysocome,,
ROYP,Royal Penguin,Eudyptes schlegeli,,
MACP,Macaroni Penguin,Eudyptes chrysolophus,,
FAPE,Fairy Penguin,Eudyptula minor,,
AFPE,African Penguin,Spheniscus demersus,,
HUPE,Humboldt Penguin,Spheniscus humboldti,,
MAGP,Magellanic Penguin,Spheniscus magellanicus,,
GALP,Galapagos Penguin,Spheniscus mendiculus,,
ROAL,Royal Albatross,Diomedea epomophora,,
BUAL,Buller's Albatross,Thalassarche bulleri,,
GHAL,Gray-headed Albatross,Thalassarche chrysostoma,,
SOAL,Sooty Albatross,Phoebetria fusca,,
LMSA,Light-mantled Albatross,Phoebetria palpebrata,,
SGPE,Southern Giant Petrel,Macronectes giganteus,,
SOFU,Southern Fulmar,Fulmarus glacialoides,,
BLPE,Blue Petrel,Halobaena caerulea,,
BBPR,Broad-billed Prion,Pachyptila vittata,,
DOPR,Dove Prion,Pachyptila desolata,,
TBPR,Thin-billed Prion,Pachyptila belcheri,,
FAPR,Fairy Prion,Pachyptila turtur,,
ANPE,Antarctic Petrel,Thalassoica antarctica,,
WCPE,White-chinned Petrel,Procellaria aequinoctialis,,
KEPE,Kerguelen Petrel,Aphrodroma brevirostris,,
SNPE,Snow Petrel,Pagodroma nivea,,
GBSP,Gray-backed Storm-Petrel,Garrodia nereis,,
BECO,Blue-eyed Cormorant,Leucocarbo atriceps,,
SNSH,Snowy Sheathbill,Chionis albus,,
LESH,Lesser Sheathbill,Chionis minor,,
SBBG,Southern Black-backed Gull,Larus dominicanus,,
ANTE,Antarctic Tern,Sterna vittata,,
KETE,Kerguelen Tern,Sterna virgata,,
HYSK,Hybrid Skua,,,"Report suspected parentage as a remark (e.g. Species1 x Species2). | Signalez les liens de parenté suspects dans le champs remarque (p. ex., Espèce1 x Espèce2)."
NGPE,Northern Giant Petrel,Macronectes halli,,
BRSK,Brown Skua,Stercorarius antarcticus,,
TIMO,Tinian Monarch,Monarcha takatsukasae,,
MARC,Mariana Crow,Corvus kubaryi,Y,
GUSW,Guam Swiftlet,Aerodramus bartschi,Y,
NIRW,Nightingale Reed Warbler,Acrocephalus luscinius,Y,
MIME,Micronesian Megapode,Megapodius laperouse,Y,
WRSW,White-rumped Swiftlet,Aerodramus spodiopygius,,
PCFD,Purple-capped Fruit Dove,Ptilinopus porphyraceus,,
COLK,Collared Kingfisher,Todiramphus chloris,,
SAST,Samoan Starling,Aplonis atrifusca,,
POST,Polynesian Starling,Aplonis tabuensis,,
CAHO,Cardinal Honeyeater,Myzomela cardinalis,,
WAHO,Wattled Honeyeater,Foulehaio carunculatus,,
MIHO,Micronesian Honeyeater,Myzomela rubratra,,
RUFA,Rufous Fantail,Rhipidura rufifrons,,
FISH,Fiji Shrikebill,Clytorhynchus vitiensis,,
BRWE,Bridled White-eye,Zosterops conspicillatus,Y,
GOWE,Golden White-eye,Cleptornis marchei,,
MIST,Micronesian Starling,Aplonis opaca,,
BLDR,Black Drongo,Dicrurus macrocercus,,
LTCU,Long-tailed Cuckoo,Eudynamys taitensis,,
MCFD,Many-colored Fruit Dove,Ptilinopus perousii,,
PAPI,Pacific Pigeon,Ducula pacifica,,
SHGD,Shy Ground Dove,Alopecoenas stairi,Y,
MICK,Micronesian Kingfisher,Todiramphus cinnamominus,Y,Includes subspecies not T. c. cinnamominus. | Comprend les sous-espèces autres que T. c. cinnamominus.
GMKI,Guam Micronesian Kingfisher,Todiramphus cinnamominus cinnamominus,Y,Endangered subspecies on Guam. | Sous-espèce menacée à Guam.
MGSW,Mariana Gray Swiftlet,Aerodramus vanikorensis bartschi,Y,
ROWE,Rota White-eye,Zosterops rotensis,Y,
ANMA,Antillean Mango,Anthracothorax dominicus,,
STTL,Streamertail,Trochilus polytmus,,
JATO,Jamaican Tody,Todus todus,,
SAFL,Sad Flycatcher,Myiarchus barbirostris,,
YBEL,Yellow-bellied Elaenia,Elaenia flavogaster,,
GAEL,Greater Antillean Elaenia,Elaenia fallax,,
JAEL,Jamaican Elaenia,Myiopagis cotta,,
JACR,Jamaican Crow,Corvus jamaicensis,,
SHWR,Southern House Wren,Troglodytes aedon musculus,,
BRTR,Brown Trembler,Cinclocerthia ruficauda,,
WETH,White-eyed Thrush,Turdus jamaicensis,,
WCTH,White-chinned Thrush,Turdus aurantius,,
RTSO,Rufous-throated Solitaire,Myadestes genibarbis,,
TBVI,Thick-billed Vireo,Vireo crassirostris,,
JAVI,Jamaican Vireo,Vireo modestus,,
OLIW,Olive-capped Warbler,Setophaga pityophila,,
ARRW,Arrowhead Warbler,Setophaga pharetra,,
BAYE,Bahama Yellowthroat,Geothlypis rostrata,,
ORAN,Orangequit,Euneornis campestris,,
JAEU,Jamaican Euphonia,Euphonia jamaica,,
VETR,Venezuelan Troupial,Icterus icterus,,
JAOR,Jamaican Oriole,Icterus leucopteryx,,
YSGR,Yellow-shouldered Grassquit,Loxipasser anoxanthus,,
GABU,Greater Antillean Bullfinch,Melopyrrha violacea,,
YBSE,Yellow-bellied Seedeater,Sporophila nigricollis,,
BBGR,Blue-black Grassquit,Volatinia jacarina,,
HYNO,Hybrid Nonpasserine,,,"Report suspected parentage as a Remark (e.g. Species1 x Species2). | Signalez les liens de parenté suspects dans le champs remarque (p. ex., Espèce1 x Espèce2)."
HYPA,Hybrid Passerine,,,"Report suspected parentage as a Remark (e.g. Species1 x Species2). | Signalez les liens de parenté suspects dans le champs remarque (p. ex., Espèce1 x Espèce2)."
